<?xml version="1.0" encoding="UTF-8" ?>
<extension type="package" version="3.10" method="upgrade">
    <name>PKG_JCE</name>
    <author>Ryan Demmer</author>
    <creationDate>21-01-2024</creationDate>
    <packagename>jce</packagename>
    <version>2.9.61</version>
    <url>https://www.joomlacontenteditor.net</url>
    <packager>Widget Factory Limited</packager>
    <packagerurl>https://www.joomlacontenteditor.net</packagerurl>
    <description>PKG_JCE_XML_DESCRIPTION</description>
    <updateservers>
        <server type="extension" priority="1" name="JCE Editor Package">
            <![CDATA[https://cdn.joomlacontenteditor.net/updates/xml/editor/pkg_jce.xml]]>
        </server>
    </updateservers>
    
    <scriptfile>install.pkg.php</scriptfile>
    <files folder="packages">
        <file type="component" id="com_jce">com_jce.zip</file>
        <file type="plugin" id="jce" group="editors">plg_editors_jce.zip</file>
        <file type="plugin" id="jce" group="content">plg_content_jce.zip</file>
        <file type="plugin" id="jce" group="extension">plg_extension_jce.zip</file>
        <file type="plugin" id="mediajce" group="fields">plg_fields_mediajce.zip</file>
        <file type="plugin" id="jce" group="installer">plg_installer_jce.zip</file>
        <file type="plugin" id="jce" group="quickicon">plg_quickicon_jce.zip</file>
        <file type="plugin" id="jce" group="system">plg_system_jce.zip</file>
    </files>
    
    <languages folder="language">
        <language tag="en-GB">en-GB/en-GB.pkg_jce.sys.ini</language>
    </languages>

    <variant>core</variant>

    <compatibility>
        <version>3</version>
        <version>4</version>
        <version>5</version>
    </compatibility>

</extension>